filename,battery_id,data_points
00001.csv,B0047,469
00005.csv,B0047,424
00007.csv,B0047,419
00009.csv,B0047,412
00011.csv,B0047,407
00013.csv,B0047,401
00017.csv,B0047,399
00021.csv,B0047,395
00023.csv,B0047,389
00025.csv,B0047,384
00027.csv,B0047,379
00029.csv,B0047,375
00033.csv,B0047,384
00037.csv,B0047,382
00039.csv,B0047,376
00041.csv,B0047,371
00043.csv,B0047,365
00045.csv,B0047,359
00049.csv,B0047,354
00051.csv,B0047,173
00053.csv,B0047,360
00055.csv,B0047,346
00057.csv,B0047,342
00061.csv,B0047,338
00063.csv,B0047,337
00065.csv,B0047,332
00067.csv,B0047,328
00069.csv,B0047,326
00073.csv,B0047,323
00075.csv,B0047,322
00077.csv,B0047,319
00079.csv,B0047,314
00081.csv,B0047,313
00085.csv,B0047,330
00089.csv,B0047,332
00091.csv,B0047,326
00093.csv,B0047,322
00095.csv,B0047,317
00097.csv,B0047,312
00101.csv,B0047,310
00103.csv,B0047,309
00105.csv,B0047,304
00107.csv,B0047,301
00109.csv,B0047,299
00113.csv,B0047,297
00115.csv,B0047,294
00117.csv,B0047,294
00119.csv,B0047,292
00121.csv,B0047,284
00125.csv,B0047,290
00127.csv,B0047,286
00129.csv,B0047,286
00131.csv,B0047,281
00133.csv,B0047,243
00137.csv,B0047,303
00141.csv,B0047,303
00143.csv,B0047,300
00145.csv,B0047,295
00147.csv,B0047,293
00149.csv,B0047,290
00153.csv,B0047,291
00157.csv,B0047,292
00159.csv,B0047,289
00161.csv,B0047,286
00163.csv,B0047,283
00165.csv,B0047,129
00169.csv,B0047,303
00173.csv,B0047,297
00175.csv,B0047,293
00177.csv,B0047,290
00179.csv,B0047,286
00181.csv,B0047,283
00185.csv,B0045,331
00189.csv,B0045,292
00191.csv,B0045,280
00193.csv,B0045,271
00195.csv,B0045,264
00197.csv,B0045,258
00201.csv,B0045,251
00205.csv,B0045,255
00207.csv,B0045,250
00209.csv,B0045,245
00211.csv,B0045,241
00213.csv,B0045,239
00217.csv,B0045,243
00221.csv,B0045,248
00223.csv,B0045,242
00225.csv,B0045,236
00227.csv,B0045,232
00229.csv,B0045,229
00233.csv,B0045,226
00235.csv,B0045,173
00237.csv,B0045,226
00239.csv,B0045,222
00241.csv,B0045,219
00245.csv,B0045,217
00247.csv,B0045,216
00249.csv,B0045,213
00251.csv,B0045,211
00253.csv,B0045,211
00257.csv,B0045,208
00259.csv,B0045,209
00261.csv,B0045,208
00263.csv,B0045,206
00265.csv,B0045,205
00269.csv,B0045,207
00273.csv,B0045,215
00275.csv,B0045,216
00277.csv,B0045,208
00279.csv,B0045,204
00281.csv,B0045,205
00285.csv,B0045,199
00287.csv,B0045,201
00289.csv,B0045,193
00291.csv,B0045,196
00293.csv,B0045,195
00297.csv,B0045,195
00299.csv,B0045,193
00301.csv,B0045,197
00303.csv,B0045,192
00305.csv,B0045,187
00309.csv,B0045,189
00311.csv,B0045,189
00313.csv,B0045,190
00315.csv,B0045,186
00317.csv,B0045,185
00321.csv,B0045,188
00325.csv,B0045,197
00327.csv,B0045,194
00329.csv,B0045,190
00331.csv,B0045,187
00333.csv,B0045,187
00337.csv,B0045,180
00341.csv,B0045,180
00343.csv,B0045,184
00345.csv,B0045,184
00347.csv,B0045,180
00349.csv,B0045,129
00353.csv,B0045,185
00357.csv,B0045,187
00359.csv,B0045,184
00361.csv,B0045,181
00363.csv,B0045,181
00365.csv,B0045,177
00369.csv,B0048,456
00373.csv,B0048,413
00375.csv,B0048,410
00377.csv,B0048,403
00379.csv,B0048,398
00381.csv,B0048,394
00385.csv,B0048,393
00389.csv,B0048,390
00391.csv,B0048,386
00393.csv,B0048,381
00395.csv,B0048,377
00397.csv,B0048,372
00401.csv,B0048,379
00405.csv,B0048,378
00407.csv,B0048,373
00409.csv,B0048,369
00411.csv,B0048,364
00413.csv,B0048,357
00417.csv,B0048,353
00419.csv,B0048,173
00421.csv,B0048,360
00423.csv,B0048,345
00425.csv,B0048,342
00429.csv,B0048,338
00431.csv,B0048,338
00433.csv,B0048,333
00435.csv,B0048,330
00437.csv,B0048,329
00441.csv,B0048,325
00443.csv,B0048,325
00445.csv,B0048,321
00447.csv,B0048,316
00449.csv,B0048,317
00453.csv,B0048,332
00457.csv,B0048,335
00459.csv,B0048,328
00461.csv,B0048,327
00463.csv,B0048,321
00465.csv,B0048,316
00469.csv,B0048,315
00471.csv,B0048,314
00473.csv,B0048,309
00475.csv,B0048,307
00477.csv,B0048,305
00481.csv,B0048,301
00483.csv,B0048,298
00485.csv,B0048,300
00487.csv,B0048,297
00489.csv,B0048,290
00493.csv,B0048,295
00495.csv,B0048,290
00497.csv,B0048,292
00499.csv,B0048,285
00501.csv,B0048,243
00505.csv,B0048,309
00509.csv,B0048,310
00511.csv,B0048,305
00513.csv,B0048,301
00515.csv,B0048,300
00517.csv,B0048,297
00521.csv,B0048,298
00525.csv,B0048,300
00527.csv,B0048,297
00529.csv,B0048,292
00531.csv,B0048,291
00533.csv,B0048,129
00537.csv,B0048,312
00541.csv,B0048,304
00543.csv,B0048,300
00545.csv,B0048,299
00547.csv,B0048,295
00549.csv,B0048,291
00553.csv,B0046,488
00557.csv,B0046,427
00559.csv,B0046,422
00561.csv,B0046,417
00563.csv,B0046,413
00565.csv,B0046,409
00569.csv,B0046,407
00573.csv,B0046,407
00575.csv,B0046,402
00577.csv,B0046,398
00579.csv,B0046,394
00581.csv,B0046,391
00585.csv,B0046,395
00589.csv,B0046,397
00591.csv,B0046,392
00593.csv,B0046,386
00595.csv,B0046,383
00597.csv,B0046,378
00601.csv,B0046,374
00603.csv,B0046,173
00605.csv,B0046,386
00607.csv,B0046,368
00609.csv,B0046,363
00613.csv,B0046,361
00615.csv,B0046,358
00617.csv,B0046,355
00619.csv,B0046,350
00621.csv,B0046,348
00625.csv,B0046,346
00627.csv,B0046,343
00629.csv,B0046,340
00631.csv,B0046,336
00633.csv,B0046,334
00637.csv,B0046,345
00641.csv,B0046,351
00643.csv,B0046,343
00645.csv,B0046,339
00647.csv,B0046,335
00649.csv,B0046,330
00653.csv,B0046,329
00655.csv,B0046,324
00657.csv,B0046,321
00659.csv,B0046,319
00661.csv,B0046,316
00665.csv,B0046,314
00667.csv,B0046,311
00669.csv,B0046,309
00671.csv,B0046,307
00673.csv,B0046,299
00677.csv,B0046,303
00679.csv,B0046,301
00681.csv,B0046,298
00683.csv,B0046,295
00685.csv,B0046,243
00689.csv,B0046,321
00693.csv,B0046,316
00695.csv,B0046,310
00697.csv,B0046,306
00699.csv,B0046,304
00701.csv,B0046,301
00705.csv,B0046,302
00709.csv,B0046,305
00711.csv,B0046,300
00713.csv,B0046,295
00715.csv,B0046,293
00717.csv,B0046,129
00721.csv,B0046,323
00725.csv,B0046,308
00727.csv,B0046,302
00729.csv,B0046,300
00731.csv,B0046,295
00733.csv,B0046,292
00739.csv,B0043,334
00741.csv,B0043,327
00743.csv,B0043,323
00745.csv,B0043,320
00747.csv,B0043,317
00751.csv,B0043,272
00753.csv,B0043,311
00755.csv,B0043,308
00757.csv,B0043,304
00759.csv,B0043,301
00763.csv,B0043,299
00765.csv,B0043,296
00767.csv,B0043,293
00769.csv,B0043,291
00771.csv,B0043,288
00775.csv,B0043,286
00777.csv,B0043,283
00779.csv,B0043,281
00781.csv,B0043,278
00783.csv,B0043,270
00787.csv,B0043,278
00791.csv,B0043,276
00793.csv,B0043,273
00795.csv,B0043,270
00797.csv,B0043,268
00799.csv,B0043,266
00803.csv,B0043,264
00805.csv,B0043,262
00807.csv,B0043,260
00809.csv,B0043,259
00811.csv,B0043,256
00815.csv,B0043,254
00817.csv,B0043,252
00819.csv,B0043,250
00821.csv,B0043,247
00823.csv,B0043,245
00827.csv,B0043,244
00829.csv,B0043,243
00831.csv,B0043,241
00833.csv,B0043,239
00835.csv,B0043,237
00952.csv,B0043,455
00956.csv,B0043,461
00958.csv,B0043,457
00960.csv,B0043,453
00962.csv,B0043,446
00964.csv,B0043,443
00968.csv,B0043,436
00970.csv,B0043,433
00972.csv,B0043,424
00974.csv,B0043,424
00976.csv,B0043,419
00980.csv,B0043,415
00982.csv,B0043,410
00984.csv,B0043,405
00986.csv,B0043,400
00988.csv,B0043,396
00992.csv,B0043,391
00994.csv,B0043,389
00996.csv,B0043,385
00998.csv,B0043,379
01000.csv,B0043,377
01004.csv,B0043,373
01006.csv,B0043,368
01008.csv,B0043,364
01010.csv,B0043,360
01013.csv,B0032,165
01033.csv,B0032,166
01039.csv,B0032,164
01041.csv,B0032,162
01043.csv,B0032,160
01045.csv,B0032,159
01049.csv,B0032,161
01051.csv,B0032,160
01053.csv,B0032,158
01055.csv,B0032,156
01057.csv,B0032,154
01061.csv,B0032,155
01063.csv,B0032,153
01065.csv,B0032,151
01067.csv,B0032,150
01069.csv,B0032,148
01073.csv,B0032,150
01075.csv,B0032,147
01077.csv,B0032,146
01079.csv,B0032,144
01081.csv,B0032,144
01085.csv,B0032,144
01087.csv,B0032,142
01089.csv,B0032,141
01091.csv,B0032,139
01093.csv,B0032,139
01097.csv,B0032,140
01099.csv,B0032,138
01101.csv,B0032,137
01103.csv,B0032,135
01105.csv,B0032,134
01113.csv,B0039,54
01115.csv,B0039,54
01117.csv,B0039,54
01119.csv,B0039,53
01121.csv,B0039,52
01125.csv,B0039,51
01129.csv,B0039,51
01131.csv,B0039,51
01133.csv,B0039,51
01135.csv,B0039,50
01137.csv,B0039,49
01141.csv,B0039,634
01145.csv,B0039,639
01147.csv,B0039,636
01149.csv,B0039,632
01151.csv,B0039,629
01153.csv,B0039,625
01157.csv,B0039,621
01161.csv,B0039,620
01163.csv,B0039,617
01165.csv,B0039,613
01167.csv,B0039,610
01169.csv,B0039,607
01173.csv,B0039,603
01175.csv,B0039,601
01177.csv,B0039,598
01179.csv,B0039,595
01181.csv,B0039,591
01185.csv,B0039,589
01187.csv,B0039,586
01189.csv,B0039,583
01191.csv,B0039,581
01193.csv,B0039,578
01197.csv,B0039,575
01199.csv,B0039,572
01201.csv,B0039,569
01203.csv,B0039,567
01205.csv,B0039,563
01209.csv,B0039,268
01213.csv,B0039,265
01215.csv,B0039,263
01217.csv,B0039,261
01219.csv,B0039,259
01221.csv,B0039,257
01225.csv,B0039,107
01229.csv,B0039,107
01231.csv,B0040,65
01235.csv,B0040,76
01237.csv,B0040,75
01239.csv,B0040,74
01241.csv,B0040,72
01243.csv,B0040,69
01247.csv,B0040,72
01251.csv,B0040,71
01253.csv,B0040,70
01255.csv,B0040,68
01257.csv,B0040,68
01259.csv,B0040,65
01263.csv,B0040,614
01267.csv,B0040,620
01269.csv,B0040,618
01271.csv,B0040,614
01273.csv,B0040,612
01275.csv,B0040,608
01279.csv,B0040,603
01283.csv,B0040,602
01285.csv,B0040,600
01287.csv,B0040,597
01289.csv,B0040,595
01291.csv,B0040,592
01295.csv,B0040,589
01297.csv,B0040,587
01299.csv,B0040,584
01301.csv,B0040,581
01303.csv,B0040,578
01307.csv,B0040,576
01309.csv,B0040,574
01311.csv,B0040,571
01313.csv,B0040,569
01315.csv,B0040,567
01319.csv,B0040,564
01321.csv,B0040,562
01323.csv,B0040,559
01325.csv,B0040,557
01327.csv,B0040,554
01331.csv,B0040,267
01335.csv,B0040,266
01337.csv,B0040,264
01339.csv,B0040,262
01341.csv,B0040,261
01343.csv,B0040,259
01347.csv,B0040,34
01351.csv,B0040,44
01354.csv,B0029,167
01382.csv,B0029,162
01384.csv,B0029,160
01386.csv,B0029,159
01392.csv,B0029,159
01394.csv,B0029,157
01396.csv,B0029,155
01398.csv,B0029,154
01402.csv,B0029,155
01404.csv,B0029,152
01406.csv,B0029,151
01408.csv,B0029,149
01410.csv,B0029,148
01414.csv,B0029,149
01416.csv,B0029,147
01418.csv,B0029,146
01420.csv,B0029,144
01422.csv,B0029,143
01426.csv,B0029,143
01428.csv,B0029,141
01430.csv,B0029,140
01432.csv,B0029,139
01434.csv,B0029,138
01438.csv,B0029,139
01440.csv,B0029,137
01442.csv,B0029,136
01444.csv,B0029,135
01446.csv,B0029,134
01532.csv,B0042,337
01534.csv,B0042,332
01536.csv,B0042,329
01538.csv,B0042,326
01540.csv,B0042,323
01544.csv,B0042,272
01546.csv,B0042,318
01548.csv,B0042,315
01550.csv,B0042,312
01552.csv,B0042,309
01556.csv,B0042,307
01558.csv,B0042,304
01560.csv,B0042,302
01562.csv,B0042,299
01564.csv,B0042,297
01568.csv,B0042,296
01570.csv,B0042,293
01572.csv,B0042,291
01574.csv,B0042,289
01576.csv,B0042,280
01580.csv,B0042,290
01584.csv,B0042,287
01586.csv,B0042,285
01588.csv,B0042,282
01590.csv,B0042,279
01592.csv,B0042,277
01596.csv,B0042,277
01598.csv,B0042,275
01600.csv,B0042,273
01602.csv,B0042,270
01604.csv,B0042,269
01608.csv,B0042,268
01610.csv,B0042,266
01612.csv,B0042,264
01614.csv,B0042,261
01616.csv,B0042,259
01620.csv,B0042,259
01622.csv,B0042,257
01624.csv,B0042,256
01626.csv,B0042,254
01628.csv,B0042,251
01632.csv,B0042,89
01636.csv,B0042,85
01638.csv,B0042,83
01640.csv,B0042,82
01642.csv,B0042,93
01645.csv,B0042,93
01647.csv,B0042,91
01649.csv,B0042,90
01657.csv,B0042,89
01659.csv,B0042,88
01661.csv,B0042,86
01665.csv,B0042,86
01669.csv,B0042,83
01671.csv,B0042,85
01673.csv,B0042,84
01675.csv,B0042,84
01677.csv,B0042,83
01681.csv,B0042,83
01699.csv,B0042,83
01705.csv,B0042,81
01711.csv,B0042,80
01723.csv,B0042,77
01745.csv,B0042,436
01749.csv,B0042,457
01751.csv,B0042,455
01753.csv,B0042,452
01755.csv,B0042,447
01757.csv,B0042,445
01761.csv,B0042,440
01763.csv,B0042,438
01765.csv,B0042,430
01767.csv,B0042,431
01769.csv,B0042,428
01773.csv,B0042,424
01775.csv,B0042,421
01777.csv,B0042,417
01779.csv,B0042,413
01781.csv,B0042,410
01785.csv,B0042,407
01787.csv,B0042,404
01789.csv,B0042,401
01791.csv,B0042,398
01793.csv,B0042,394
01797.csv,B0042,393
01799.csv,B0042,389
01801.csv,B0042,386
01803.csv,B0042,383
01805.csv,B0034,94
01809.csv,B0034,166
01811.csv,B0034,164
01813.csv,B0034,162
01815.csv,B0034,159
01817.csv,B0034,154
01821.csv,B0034,152
01823.csv,B0034,151
01825.csv,B0034,149
01827.csv,B0034,147
01829.csv,B0034,146
01833.csv,B0034,145
01835.csv,B0034,143
01837.csv,B0034,142
01839.csv,B0034,140
01841.csv,B0034,139
01845.csv,B0034,140
01847.csv,B0034,141
01849.csv,B0034,137
01851.csv,B0034,135
01853.csv,B0034,133
01857.csv,B0034,145
01861.csv,B0034,141
01863.csv,B0034,137
01867.csv,B0034,133
01869.csv,B0034,132
01873.csv,B0034,132
01875.csv,B0034,130
01877.csv,B0034,128
01879.csv,B0034,127
01881.csv,B0034,126
01885.csv,B0034,126
01887.csv,B0034,125
01889.csv,B0034,123
01891.csv,B0034,123
01893.csv,B0034,122
01897.csv,B0034,124
01899.csv,B0034,125
01901.csv,B0034,124
01903.csv,B0034,120
01905.csv,B0034,119
01909.csv,B0034,126
01913.csv,B0034,127
01915.csv,B0034,123
01921.csv,B0034,130
01923.csv,B0034,126
01925.csv,B0034,124
01927.csv,B0034,123
01929.csv,B0034,123
01933.csv,B0034,122
01935.csv,B0034,119
01937.csv,B0034,119
01939.csv,B0034,118
01941.csv,B0034,118
01945.csv,B0034,118
01947.csv,B0034,117
01949.csv,B0034,113
01951.csv,B0034,112
01953.csv,B0034,112
01957.csv,B0034,114
01959.csv,B0034,114
01961.csv,B0034,114
01963.csv,B0034,110
01965.csv,B0034,110
01969.csv,B0034,119
01973.csv,B0034,118
01975.csv,B0034,115
01977.csv,B0034,113
01979.csv,B0034,110
01985.csv,B0034,113
01987.csv,B0034,111
01989.csv,B0034,109
01991.csv,B0034,107
01993.csv,B0034,105
01997.csv,B0034,105
01999.csv,B0034,105
02001.csv,B0034,105
02003.csv,B0034,104
02005.csv,B0034,103
02009.csv,B0034,103
02011.csv,B0034,103
02013.csv,B0034,102
02015.csv,B0034,102
02017.csv,B0034,102
02021.csv,B0034,101
02023.csv,B0034,101
02025.csv,B0034,101
02027.csv,B0034,103
02029.csv,B0034,102
02033.csv,B0034,101
02035.csv,B0034,99
02037.csv,B0034,98
02039.csv,B0034,100
02041.csv,B0034,101
02045.csv,B0034,100
02047.csv,B0034,98
02049.csv,B0034,97
02051.csv,B0034,97
02053.csv,B0034,99
02057.csv,B0034,100
02059.csv,B0034,98
02061.csv,B0034,96
02063.csv,B0034,96
02065.csv,B0034,95
02069.csv,B0034,98
02071.csv,B0034,98
02073.csv,B0034,97
02075.csv,B0034,95
02077.csv,B0034,95
02081.csv,B0034,94
02087.csv,B0034,96
02089.csv,B0034,95
02091.csv,B0034,94
02093.csv,B0034,94
02095.csv,B0034,94
02099.csv,B0034,94
02101.csv,B0034,93
02103.csv,B0034,94
02105.csv,B0034,94
02107.csv,B0034,92
02111.csv,B0034,92
02113.csv,B0034,92
02115.csv,B0034,92
02117.csv,B0034,91
02119.csv,B0034,91
02123.csv,B0034,92
02125.csv,B0034,95
02127.csv,B0034,92
02129.csv,B0034,91
02131.csv,B0034,90
02135.csv,B0034,89
02139.csv,B0034,96
02141.csv,B0034,91
02143.csv,B0034,90
02145.csv,B0034,89
02147.csv,B0034,90
02151.csv,B0034,89
02153.csv,B0034,91
02155.csv,B0034,88
02157.csv,B0034,87
02159.csv,B0034,87
02163.csv,B0034,88
02165.csv,B0034,89
02167.csv,B0034,89
02169.csv,B0034,88
02171.csv,B0034,87
02175.csv,B0034,87
02177.csv,B0034,86
02179.csv,B0034,88
02181.csv,B0034,86
02183.csv,B0034,85
02187.csv,B0034,94
02191.csv,B0034,94
02193.csv,B0034,91
02195.csv,B0034,90
02197.csv,B0034,90
02199.csv,B0034,89
02203.csv,B0034,92
02205.csv,B0034,88
02207.csv,B0034,87
02209.csv,B0034,87
02211.csv,B0034,85
02215.csv,B0034,86
02217.csv,B0034,86
02219.csv,B0034,86
02221.csv,B0034,85
02223.csv,B0034,85
02227.csv,B0034,84
02229.csv,B0034,85
02231.csv,B0034,85
02233.csv,B0034,84
02235.csv,B0034,84
02239.csv,B0034,86
02243.csv,B0034,84
02245.csv,B0034,83
02247.csv,B0034,83
02249.csv,B0034,82
02251.csv,B0034,83
02255.csv,B0034,83
02257.csv,B0034,83
02259.csv,B0034,81
02261.csv,B0034,82
02263.csv,B0034,80
02267.csv,B0034,80
02269.csv,B0034,80
02271.csv,B0034,81
02273.csv,B0034,81
02275.csv,B0034,80
02279.csv,B0034,82
02281.csv,B0034,83
02283.csv,B0034,81
02285.csv,B0034,81
02287.csv,B0034,80
02291.csv,B0038,102
02295.csv,B0038,116
02297.csv,B0038,113
02299.csv,B0038,109
02301.csv,B0038,107
02303.csv,B0038,105
02307.csv,B0038,108
02311.csv,B0038,106
02313.csv,B0038,105
02315.csv,B0038,104
02317.csv,B0038,102
02319.csv,B0038,102
02323.csv,B0038,633
02327.csv,B0038,639
02333.csv,B0038,630
02339.csv,B0038,622
02343.csv,B0038,620
02345.csv,B0038,618
02347.csv,B0038,615
02349.csv,B0038,612
02351.csv,B0038,609
02355.csv,B0038,606
02357.csv,B0038,604
02359.csv,B0038,600
02361.csv,B0038,597
02363.csv,B0038,594
02367.csv,B0038,592
02369.csv,B0038,590
02371.csv,B0038,588
02373.csv,B0038,585
02375.csv,B0038,583
02379.csv,B0038,581
02381.csv,B0038,578
02383.csv,B0038,575
02385.csv,B0038,573
02387.csv,B0038,569
02391.csv,B0038,279
02395.csv,B0038,279
02397.csv,B0038,278
02399.csv,B0038,276
02401.csv,B0038,275
02403.csv,B0038,273
02407.csv,B0038,127
02411.csv,B0038,127
02413.csv,B0033,19
02417.csv,B0033,68
02419.csv,B0033,113
02421.csv,B0033,123
02423.csv,B0033,128
02425.csv,B0033,130
02429.csv,B0033,124
02433.csv,B0033,163
02435.csv,B0033,160
02437.csv,B0033,158
02441.csv,B0033,157
02443.csv,B0033,155
02445.csv,B0033,154
02447.csv,B0033,152
02449.csv,B0033,152
02453.csv,B0033,151
02455.csv,B0033,152
02457.csv,B0033,149
02459.csv,B0033,147
02461.csv,B0033,146
02465.csv,B0033,150
02469.csv,B0033,150
02471.csv,B0033,148
02473.csv,B0033,149
02475.csv,B0033,143
02477.csv,B0033,145
02481.csv,B0033,142
02483.csv,B0033,141
02485.csv,B0033,140
02487.csv,B0033,138
02489.csv,B0033,138
02493.csv,B0033,137
02495.csv,B0033,136
02497.csv,B0033,135
02499.csv,B0033,134
02501.csv,B0033,133
02505.csv,B0033,134
02507.csv,B0033,134
02509.csv,B0033,133
02511.csv,B0033,131
02513.csv,B0033,130
02517.csv,B0033,134
02521.csv,B0033,133
02523.csv,B0033,132
02529.csv,B0033,134
02531.csv,B0033,132
02533.csv,B0033,130
02535.csv,B0033,132
02537.csv,B0033,130
02541.csv,B0033,129
02543.csv,B0033,128
02545.csv,B0033,126
02547.csv,B0033,125
02549.csv,B0033,127
02553.csv,B0033,125
02555.csv,B0033,124
02557.csv,B0033,122
02559.csv,B0033,121
02561.csv,B0033,120
02565.csv,B0033,122
02567.csv,B0033,121
02569.csv,B0033,120
02571.csv,B0033,119
02573.csv,B0033,117
02577.csv,B0033,125
02581.csv,B0033,124
02583.csv,B0033,121
02585.csv,B0033,120
02587.csv,B0033,118
02589.csv,B0033,118
02593.csv,B0033,120
02595.csv,B0033,119
02597.csv,B0033,116
02599.csv,B0033,116
02601.csv,B0033,114
02605.csv,B0033,114
02607.csv,B0033,113
02609.csv,B0033,112
02611.csv,B0033,112
02613.csv,B0033,111
02617.csv,B0033,110
02619.csv,B0033,110
02621.csv,B0033,110
02623.csv,B0033,109
02625.csv,B0033,109
02629.csv,B0033,108
02631.csv,B0033,108
02633.csv,B0033,108
02635.csv,B0033,110
02637.csv,B0033,108
02641.csv,B0033,107
02643.csv,B0033,106
02645.csv,B0033,106
02647.csv,B0033,106
02649.csv,B0033,106
02653.csv,B0033,105
02655.csv,B0033,104
02657.csv,B0033,103
02659.csv,B0033,104
02661.csv,B0033,104
02665.csv,B0033,104
02667.csv,B0033,103
02669.csv,B0033,101
02671.csv,B0033,101
02673.csv,B0033,101
02677.csv,B0033,102
02679.csv,B0033,103
02681.csv,B0033,101
02683.csv,B0033,99
02685.csv,B0033,99
02689.csv,B0033,99
02695.csv,B0033,99
02697.csv,B0033,98
02699.csv,B0033,98
02701.csv,B0033,98
02703.csv,B0033,97
02707.csv,B0033,96
02709.csv,B0033,96
02711.csv,B0033,96
02713.csv,B0033,95
02715.csv,B0033,95
02719.csv,B0033,95
02721.csv,B0033,95
02723.csv,B0033,94
02725.csv,B0033,94
02727.csv,B0033,94
02731.csv,B0033,94
02733.csv,B0033,97
02735.csv,B0033,95
02737.csv,B0033,94
02739.csv,B0033,94
02743.csv,B0033,89
02747.csv,B0033,96
02749.csv,B0033,94
02751.csv,B0033,93
02753.csv,B0033,70
02755.csv,B0033,21
02759.csv,B0033,17
02761.csv,B0033,14
02763.csv,B0033,16
02765.csv,B0033,17
02767.csv,B0033,32
02771.csv,B0033,33
02777.csv,B0033,93
02779.csv,B0033,92
02783.csv,B0033,92
02785.csv,B0033,90
02787.csv,B0033,90
02789.csv,B0033,90
02791.csv,B0033,89
02795.csv,B0033,79
02799.csv,B0033,96
02801.csv,B0033,95
02803.csv,B0033,95
02805.csv,B0033,93
02807.csv,B0033,93
02811.csv,B0033,95
02813.csv,B0033,91
02815.csv,B0033,91
02817.csv,B0033,90
02819.csv,B0033,89
02825.csv,B0033,90
02827.csv,B0033,89
02829.csv,B0033,88
02831.csv,B0033,87
02835.csv,B0033,87
02837.csv,B0033,89
02839.csv,B0033,88
02841.csv,B0033,86
02843.csv,B0033,86
02847.csv,B0033,87
02851.csv,B0033,86
02853.csv,B0033,86
02855.csv,B0033,85
02857.csv,B0033,85
02859.csv,B0033,85
02863.csv,B0033,84
02865.csv,B0033,84
02867.csv,B0033,83
02869.csv,B0033,83
02871.csv,B0033,82
02875.csv,B0033,82
02877.csv,B0033,82
02879.csv,B0033,82
02881.csv,B0033,82
02883.csv,B0033,81
02887.csv,B0033,80
02889.csv,B0033,82
02891.csv,B0033,82
02893.csv,B0033,81
02895.csv,B0033,80
02900.csv,B0030,163
02904.csv,B0030,170
02906.csv,B0030,168
02908.csv,B0030,166
02912.csv,B0030,167
02914.csv,B0030,165
02916.csv,B0030,162
02918.csv,B0030,160
02920.csv,B0030,158
02924.csv,B0030,159
02926.csv,B0030,157
02928.csv,B0030,155
02930.csv,B0030,153
02932.csv,B0030,152
02936.csv,B0030,156
02938.csv,B0030,154
02940.csv,B0030,151
02942.csv,B0030,149
02944.csv,B0030,148
02948.csv,B0030,148
02950.csv,B0030,146
02952.csv,B0030,144
02954.csv,B0030,143
02956.csv,B0030,142
02960.csv,B0030,143
02962.csv,B0030,141
02964.csv,B0030,140
02966.csv,B0030,138
02968.csv,B0030,137
02972.csv,B0030,137
02974.csv,B0030,136
02976.csv,B0030,135
02978.csv,B0030,134
02980.csv,B0030,133
02984.csv,B0030,134
02986.csv,B0030,132
02988.csv,B0030,131
02990.csv,B0030,130
02992.csv,B0030,129
03099.csv,B0041,388
03103.csv,B0041,367
03105.csv,B0041,357
03107.csv,B0041,344
03109.csv,B0041,331
03111.csv,B0041,325
03115.csv,B0041,316
03117.csv,B0041,312
03119.csv,B0041,304
03121.csv,B0041,300
03123.csv,B0041,296
03127.csv,B0041,292
03129.csv,B0041,288
03131.csv,B0041,285
03133.csv,B0041,281
03135.csv,B0041,282
03139.csv,B0041,274
03141.csv,B0041,278
03143.csv,B0041,276
03145.csv,B0041,270
03147.csv,B0041,272
03151.csv,B0041,269
03153.csv,B0041,266
03155.csv,B0041,265
03157.csv,B0041,263
03241.csv,B0044,325
03243.csv,B0044,318
03245.csv,B0044,314
03247.csv,B0044,311
03249.csv,B0044,307
03253.csv,B0044,272
03255.csv,B0044,302
03257.csv,B0044,298
03259.csv,B0044,295
03261.csv,B0044,292
03265.csv,B0044,290
03267.csv,B0044,287
03269.csv,B0044,284
03271.csv,B0044,281
03273.csv,B0044,278
03277.csv,B0044,276
03279.csv,B0044,273
03281.csv,B0044,271
03283.csv,B0044,268
03285.csv,B0044,260
03289.csv,B0044,267
03293.csv,B0044,265
03295.csv,B0044,262
03297.csv,B0044,259
03299.csv,B0044,257
03301.csv,B0044,254
03305.csv,B0044,253
03307.csv,B0044,251
03309.csv,B0044,249
03311.csv,B0044,247
03313.csv,B0044,244
03317.csv,B0044,242
03319.csv,B0044,241
03321.csv,B0044,239
03323.csv,B0044,236
03325.csv,B0044,234
03329.csv,B0044,233
03331.csv,B0044,232
03333.csv,B0044,230
03335.csv,B0044,228
03337.csv,B0044,226
03454.csv,B0044,435
03458.csv,B0044,438
03460.csv,B0044,435
03462.csv,B0044,430
03464.csv,B0044,424
03466.csv,B0044,421
03470.csv,B0044,416
03472.csv,B0044,412
03474.csv,B0044,402
03476.csv,B0044,400
03478.csv,B0044,396
03482.csv,B0044,391
03484.csv,B0044,386
03486.csv,B0044,382
03488.csv,B0044,377
03490.csv,B0044,377
03494.csv,B0044,370
03496.csv,B0044,371
03498.csv,B0044,366
03500.csv,B0044,360
03502.csv,B0044,359
03506.csv,B0044,354
03508.csv,B0044,351
03510.csv,B0044,347
03512.csv,B0044,344
03514.csv,B0036,188
03518.csv,B0036,336
03524.csv,B0036,330
03526.csv,B0036,328
03530.csv,B0036,325
03532.csv,B0036,324
03534.csv,B0036,322
03536.csv,B0036,320
03538.csv,B0036,318
03542.csv,B0036,316
03544.csv,B0036,314
03546.csv,B0036,312
03548.csv,B0036,310
03550.csv,B0036,309
03554.csv,B0036,308
03556.csv,B0036,308
03558.csv,B0036,305
03560.csv,B0036,302
03562.csv,B0036,300
03566.csv,B0036,299
03572.csv,B0036,298
03574.csv,B0036,296
03576.csv,B0036,294
03578.csv,B0036,292
03582.csv,B0036,291
03584.csv,B0036,289
03586.csv,B0036,288
03588.csv,B0036,286
03590.csv,B0036,284
03594.csv,B0036,283
03596.csv,B0036,282
03598.csv,B0036,280
03600.csv,B0036,279
03602.csv,B0036,277
03606.csv,B0036,278
03608.csv,B0036,277
03610.csv,B0036,275
03612.csv,B0036,273
03614.csv,B0036,271
03618.csv,B0036,272
03622.csv,B0036,273
03624.csv,B0036,272
03630.csv,B0036,271
03632.csv,B0036,269
03634.csv,B0036,268
03636.csv,B0036,268
03638.csv,B0036,267
03642.csv,B0036,266
03644.csv,B0036,264
03646.csv,B0036,263
03648.csv,B0036,262
03650.csv,B0036,261
03654.csv,B0036,261
03656.csv,B0036,260
03658.csv,B0036,258
03660.csv,B0036,256
03662.csv,B0036,255
03666.csv,B0036,256
03668.csv,B0036,255
03670.csv,B0036,254
03672.csv,B0036,252
03674.csv,B0036,251
03678.csv,B0036,253
03682.csv,B0036,255
03684.csv,B0036,252
03686.csv,B0036,250
03688.csv,B0036,249
03690.csv,B0036,248
03694.csv,B0036,248
03696.csv,B0036,248
03698.csv,B0036,246
03700.csv,B0036,245
03702.csv,B0036,243
03706.csv,B0036,243
03708.csv,B0036,242
03710.csv,B0036,241
03712.csv,B0036,240
03714.csv,B0036,239
03718.csv,B0036,238
03720.csv,B0036,238
03722.csv,B0036,237
03724.csv,B0036,236
03726.csv,B0036,235
03730.csv,B0036,235
03732.csv,B0036,234
03734.csv,B0036,234
03736.csv,B0036,234
03738.csv,B0036,234
03742.csv,B0036,232
03744.csv,B0036,230
03746.csv,B0036,229
03748.csv,B0036,230
03750.csv,B0036,229
03754.csv,B0036,228
03756.csv,B0036,227
03758.csv,B0036,226
03760.csv,B0036,225
03762.csv,B0036,226
03766.csv,B0036,226
03768.csv,B0036,225
03770.csv,B0036,223
03772.csv,B0036,223
03774.csv,B0036,222
03778.csv,B0036,223
03780.csv,B0036,223
03782.csv,B0036,221
03784.csv,B0036,219
03786.csv,B0036,218
03790.csv,B0036,218
03796.csv,B0036,220
03798.csv,B0036,218
03800.csv,B0036,217
03802.csv,B0036,216
03804.csv,B0036,215
03808.csv,B0036,214
03810.csv,B0036,214
03812.csv,B0036,213
03814.csv,B0036,212
03816.csv,B0036,212
03820.csv,B0036,212
03822.csv,B0036,211
03824.csv,B0036,210
03826.csv,B0036,210
03828.csv,B0036,209
03832.csv,B0036,211
03834.csv,B0036,211
03836.csv,B0036,210
03838.csv,B0036,208
03840.csv,B0036,207
03844.csv,B0036,197
03848.csv,B0036,210
03850.csv,B0036,209
03852.csv,B0036,207
03854.csv,B0036,206
03856.csv,B0036,204
03860.csv,B0036,205
03862.csv,B0036,205
03864.csv,B0036,203
03866.csv,B0036,202
03868.csv,B0036,201
03872.csv,B0036,201
03874.csv,B0036,202
03876.csv,B0036,203
03878.csv,B0036,201
03880.csv,B0036,199
03884.csv,B0036,198
03886.csv,B0036,198
03888.csv,B0036,197
03890.csv,B0036,196
03892.csv,B0036,195
03896.csv,B0036,201
03900.csv,B0036,203
03902.csv,B0036,202
03904.csv,B0036,201
03906.csv,B0036,200
03908.csv,B0036,200
03912.csv,B0036,200
03914.csv,B0036,198
03916.csv,B0036,197
03918.csv,B0036,196
03920.csv,B0036,195
03924.csv,B0036,196
03926.csv,B0036,195
03928.csv,B0036,195
03930.csv,B0036,193
03932.csv,B0036,193
03936.csv,B0036,192
03938.csv,B0036,193
03940.csv,B0036,192
03942.csv,B0036,191
03944.csv,B0036,190
03948.csv,B0036,192
03952.csv,B0036,190
03954.csv,B0036,189
03956.csv,B0036,188
03958.csv,B0036,187
03960.csv,B0036,187
03964.csv,B0036,186
03966.csv,B0036,186
03968.csv,B0036,185
03970.csv,B0036,184
03972.csv,B0036,183
03976.csv,B0036,183
03978.csv,B0036,182
03980.csv,B0036,181
03982.csv,B0036,180
03984.csv,B0036,180
03988.csv,B0036,182
03990.csv,B0036,182
03992.csv,B0036,180
03994.csv,B0036,178
03996.csv,B0036,177
04161.csv,B0031,163
04173.csv,B0031,169
04181.csv,B0031,166
04187.csv,B0031,165
04189.csv,B0031,163
04191.csv,B0031,161
04193.csv,B0031,160
04197.csv,B0031,158
04199.csv,B0031,161
04201.csv,B0031,159
04203.csv,B0031,157
04205.csv,B0031,156
04209.csv,B0031,156
04211.csv,B0031,155
04213.csv,B0031,153
04215.csv,B0031,152
04217.csv,B0031,151
04221.csv,B0031,152
04223.csv,B0031,150
04225.csv,B0031,149
04227.csv,B0031,147
04229.csv,B0031,146
04233.csv,B0031,146
04235.csv,B0031,145
04237.csv,B0031,144
04239.csv,B0031,143
04241.csv,B0031,142
04245.csv,B0031,143
04247.csv,B0031,142
04249.csv,B0031,140
04251.csv,B0031,139
04253.csv,B0031,138
04257.csv,B0049,181
04261.csv,B0049,306
04263.csv,B0049,311
04265.csv,B0049,274
04271.csv,B0049,235
04273.csv,B0049,218
04275.csv,B0049,209
04277.csv,B0049,203
04279.csv,B0049,187
04283.csv,B0049,191
04285.csv,B0049,187
04287.csv,B0049,179
04289.csv,B0049,183
04291.csv,B0049,174
04295.csv,B0049,167
04297.csv,B0049,22
04299.csv,B0049,180
04301.csv,B0049,162
04303.csv,B0049,159
04307.csv,B0049,169
04309.csv,B0049,152
04311.csv,B0049,161
04313.csv,B0049,149
04315.csv,B0049,157
04319.csv,B0050,179
04323.csv,B0050,333
04325.csv,B0050,327
04327.csv,B0050,316
04335.csv,B0050,267
04337.csv,B0050,271
04339.csv,B0050,262
04341.csv,B0050,295
04345.csv,B0050,94
04347.csv,B0050,261
04349.csv,B0050,279
04351.csv,B0050,18
04353.csv,B0050,108
04357.csv,B0050,58
04359.csv,B0050,22
04363.csv,B0050,218
04369.csv,B0050,62
04381.csv,B0052,166
04385.csv,B0052,272
04387.csv,B0052,261
04389.csv,B0052,256
04443.csv,B0051,133
04447.csv,B0051,260
04449.csv,B0051,244
04451.csv,B0051,240
04457.csv,B0051,203
04459.csv,B0051,191
04461.csv,B0051,176
04463.csv,B0051,178
04465.csv,B0051,170
04469.csv,B0051,161
04471.csv,B0051,159
04473.csv,B0051,165
04475.csv,B0051,155
04477.csv,B0051,149
04481.csv,B0051,148
04483.csv,B0051,22
04485.csv,B0051,144
04487.csv,B0051,146
04489.csv,B0051,143
04493.csv,B0051,141
04495.csv,B0051,136
04497.csv,B0051,131
04499.csv,B0051,128
04501.csv,B0051,126
04618.csv,B0006,343
04622.csv,B0006,341
04626.csv,B0006,339
04630.csv,B0006,337
04634.csv,B0006,335
04638.csv,B0006,170
04640.csv,B0006,340
04644.csv,B0006,334
04648.csv,B0006,330
04652.csv,B0006,328
04662.csv,B0006,342
04666.csv,B0006,336
04670.csv,B0006,333
04674.csv,B0006,329
04678.csv,B0006,327
04682.csv,B0006,324
04686.csv,B0006,322
04690.csv,B0006,320
04694.csv,B0006,318
04698.csv,B0006,316
04702.csv,B0006,314
04706.csv,B0006,310
04710.csv,B0006,309
04714.csv,B0006,308
04718.csv,B0006,306
04720.csv,B0006,305
04724.csv,B0006,302
04728.csv,B0006,301
04732.csv,B0006,299
04736.csv,B0006,298
04740.csv,B0006,295
04744.csv,B0006,295
04748.csv,B0006,294
04752.csv,B0006,292
04756.csv,B0006,291
04760.csv,B0006,290
04764.csv,B0006,288
04768.csv,B0006,288
04770.csv,B0006,296
04774.csv,B0006,290
04778.csv,B0006,288
04782.csv,B0006,285
04786.csv,B0006,285
04790.csv,B0006,284
04794.csv,B0006,283
04798.csv,B0006,281
04802.csv,B0006,280
04806.csv,B0006,279
04810.csv,B0006,280
04814.csv,B0006,278
04817.csv,B0006,307
04820.csv,B0006,298
04824.csv,B0006,292
04828.csv,B0006,289
04832.csv,B0006,286
04836.csv,B0006,284
04840.csv,B0006,283
04844.csv,B0006,281
04848.csv,B0006,279
04852.csv,B0006,278
04856.csv,B0006,277
04860.csv,B0006,276
04864.csv,B0006,274
04868.csv,B0006,275
04871.csv,B0006,280
04875.csv,B0006,276
04879.csv,B0006,274
04883.csv,B0006,272
04887.csv,B0006,271
04891.csv,B0006,269
04895.csv,B0006,269
04899.csv,B0006,268
04903.csv,B0006,267
04907.csv,B0006,266
04911.csv,B0006,266
04915.csv,B0006,265
04919.csv,B0006,264
04923.csv,B0006,263
04927.csv,B0006,262
04931.csv,B0006,262
04935.csv,B0006,267
04937.csv,B0006,271
04941.csv,B0006,267
04945.csv,B0006,264
04949.csv,B0006,263
04953.csv,B0006,261
04957.csv,B0006,260
04961.csv,B0006,259
04965.csv,B0006,258
04969.csv,B0006,256
04973.csv,B0006,256
04977.csv,B0006,255
04981.csv,B0006,254
04985.csv,B0006,255
04987.csv,B0006,260
04989.csv,B0006,256
04993.csv,B0006,254
04997.csv,B0006,252
05001.csv,B0006,252
05005.csv,B0006,251
05009.csv,B0006,250
05013.csv,B0006,251
05017.csv,B0006,247
05021.csv,B0006,247
05025.csv,B0006,246
05029.csv,B0006,244
05033.csv,B0006,243
05037.csv,B0006,243
05041.csv,B0006,243
05045.csv,B0006,241
05049.csv,B0006,242
05052.csv,B0006,249
05056.csv,B0006,244
05060.csv,B0006,241
05064.csv,B0006,239
05068.csv,B0006,238
05072.csv,B0006,236
05076.csv,B0006,235
05080.csv,B0006,234
05084.csv,B0006,233
05088.csv,B0006,231
05092.csv,B0006,231
05096.csv,B0006,229
05100.csv,B0006,228
05104.csv,B0006,224
05108.csv,B0006,226
05112.csv,B0006,225
05116.csv,B0006,228
05118.csv,B0006,230
05151.csv,B0005,173
05153.csv,B0005,173
05155.csv,B0005,173
05157.csv,B0005,173
05159.csv,B0005,173
05198.csv,B0005,173
05202.csv,B0005,173
05226.csv,B0005,344
05230.csv,B0005,342
05234.csv,B0005,341
05238.csv,B0005,339
05242.csv,B0005,339
05246.csv,B0005,338
05250.csv,B0005,337
05254.csv,B0005,170
05256.csv,B0005,337
05260.csv,B0005,335
05264.csv,B0005,333
05268.csv,B0005,332
05270.csv,B0005,343
05274.csv,B0005,341
05278.csv,B0005,338
05282.csv,B0005,336
05286.csv,B0005,334
05290.csv,B0005,333
05294.csv,B0005,332
05298.csv,B0005,330
05302.csv,B0005,328
05306.csv,B0005,327
05310.csv,B0005,326
05314.csv,B0005,325
05318.csv,B0005,324
05322.csv,B0005,322
05326.csv,B0005,320
05330.csv,B0005,320
05334.csv,B0005,318
05336.csv,B0005,317
05340.csv,B0005,316
05344.csv,B0005,314
05348.csv,B0005,313
05352.csv,B0005,312
05356.csv,B0005,311
05360.csv,B0005,310
05364.csv,B0005,308
05368.csv,B0005,307
05372.csv,B0005,306
05376.csv,B0005,304
05380.csv,B0005,303
05384.csv,B0005,303
05386.csv,B0005,305
05390.csv,B0005,301
05394.csv,B0005,299
05398.csv,B0005,298
05402.csv,B0005,298
05406.csv,B0005,297
05410.csv,B0005,296
05414.csv,B0005,294
05418.csv,B0005,292
05422.csv,B0005,292
05426.csv,B0005,291
05430.csv,B0005,290
05433.csv,B0005,307
05436.csv,B0005,299
05440.csv,B0005,296
05444.csv,B0005,293
05448.csv,B0005,292
05452.csv,B0005,290
05456.csv,B0005,289
05460.csv,B0005,288
05464.csv,B0005,287
05468.csv,B0005,285
05472.csv,B0005,284
05476.csv,B0005,283
05480.csv,B0005,282
05484.csv,B0005,284
05487.csv,B0005,286
05491.csv,B0005,283
05495.csv,B0005,281
05499.csv,B0005,278
05503.csv,B0005,278
05507.csv,B0005,278
05511.csv,B0005,277
05515.csv,B0005,275
05519.csv,B0005,274
05523.csv,B0005,274
05527.csv,B0005,273
05531.csv,B0005,272
05535.csv,B0005,271
05539.csv,B0005,270
05543.csv,B0005,270
05547.csv,B0005,269
05551.csv,B0005,274
05553.csv,B0005,275
05557.csv,B0005,271
05561.csv,B0005,269
05565.csv,B0005,268
05569.csv,B0005,267
05573.csv,B0005,266
05577.csv,B0005,265
05581.csv,B0005,264
05585.csv,B0005,263
05589.csv,B0005,262
05593.csv,B0005,262
05597.csv,B0005,261
05601.csv,B0005,263
05603.csv,B0005,265
05605.csv,B0005,262
05609.csv,B0005,261
05613.csv,B0005,259
05617.csv,B0005,259
05621.csv,B0005,259
05625.csv,B0005,258
05629.csv,B0005,257
05633.csv,B0005,256
05637.csv,B0005,256
05641.csv,B0005,255
05645.csv,B0005,254
05649.csv,B0005,253
05653.csv,B0005,252
05657.csv,B0005,252
05661.csv,B0005,252
05665.csv,B0005,253
05668.csv,B0005,260
05672.csv,B0005,256
05676.csv,B0005,254
05680.csv,B0005,253
05684.csv,B0005,252
05688.csv,B0005,251
05692.csv,B0005,251
05696.csv,B0005,250
05700.csv,B0005,249
05704.csv,B0005,249
05708.csv,B0005,249
05712.csv,B0005,248
05716.csv,B0005,248
05720.csv,B0005,247
05724.csv,B0005,246
05728.csv,B0005,246
05732.csv,B0005,250
05734.csv,B0005,253
05880.csv,B0007,348
05884.csv,B0007,347
05902.csv,B0007,347
05906.csv,B0007,346
05910.csv,B0007,345
05914.csv,B0007,343
05918.csv,B0007,342
05922.csv,B0007,341
05926.csv,B0007,340
05930.csv,B0007,339
05934.csv,B0007,338
05938.csv,B0007,336
05942.csv,B0007,335
05946.csv,B0007,334
05950.csv,B0007,333
05952.csv,B0007,332
05956.csv,B0007,330
05960.csv,B0007,329
05964.csv,B0007,328
05968.csv,B0007,327
05972.csv,B0007,326
05976.csv,B0007,325
05980.csv,B0007,324
05984.csv,B0007,323
05988.csv,B0007,322
05992.csv,B0007,321
05996.csv,B0007,320
06000.csv,B0007,320
06002.csv,B0007,321
06006.csv,B0007,318
06010.csv,B0007,317
06014.csv,B0007,316
06018.csv,B0007,316
06022.csv,B0007,315
06026.csv,B0007,314
06030.csv,B0007,313
06034.csv,B0007,312
06038.csv,B0007,311
06042.csv,B0007,311
06046.csv,B0007,311
06049.csv,B0007,330
06052.csv,B0007,318
06056.csv,B0007,317
06060.csv,B0007,314
06064.csv,B0007,312
06068.csv,B0007,311
06072.csv,B0007,310
06076.csv,B0007,309
06080.csv,B0007,308
06084.csv,B0007,307
06088.csv,B0007,306
06092.csv,B0007,306
06096.csv,B0007,305
06100.csv,B0007,306
06103.csv,B0007,308
06107.csv,B0007,306
06111.csv,B0007,304
06115.csv,B0007,303
06119.csv,B0007,302
06123.csv,B0007,302
06127.csv,B0007,301
06131.csv,B0007,300
06135.csv,B0007,299
06139.csv,B0007,299
06143.csv,B0007,299
06147.csv,B0007,298
06151.csv,B0007,297
06155.csv,B0007,296
06159.csv,B0007,296
06163.csv,B0007,296
06167.csv,B0007,300
06169.csv,B0007,300
06173.csv,B0007,298
06177.csv,B0007,296
06181.csv,B0007,295
06185.csv,B0007,294
06189.csv,B0007,293
06193.csv,B0007,292
06197.csv,B0007,291
06201.csv,B0007,291
06205.csv,B0007,290
06209.csv,B0007,289
06213.csv,B0007,289
06217.csv,B0007,290
06219.csv,B0007,292
06221.csv,B0007,290
06225.csv,B0007,289
06229.csv,B0007,288
06233.csv,B0007,287
06237.csv,B0007,287
06241.csv,B0007,286
06245.csv,B0007,285
06249.csv,B0007,284
06253.csv,B0007,284
06257.csv,B0007,283
06261.csv,B0007,283
06265.csv,B0007,282
06269.csv,B0007,281
06273.csv,B0007,281
06277.csv,B0007,281
06281.csv,B0007,282
06284.csv,B0007,286
06288.csv,B0007,284
06292.csv,B0007,282
06296.csv,B0007,281
06300.csv,B0007,280
06304.csv,B0007,280
06308.csv,B0007,279
06312.csv,B0007,278
06316.csv,B0007,278
06320.csv,B0007,277
06324.csv,B0007,277
06328.csv,B0007,276
06332.csv,B0007,276
06336.csv,B0007,275
06340.csv,B0007,275
06344.csv,B0007,274
06348.csv,B0007,278
06350.csv,B0007,280
06388.csv,B0018,319
06391.csv,B0018,316
06394.csv,B0018,315
06396.csv,B0018,311
06398.csv,B0018,309
06400.csv,B0018,305
06403.csv,B0018,302
06406.csv,B0018,300
06408.csv,B0018,297
06410.csv,B0018,293
06412.csv,B0018,291
06415.csv,B0018,289
06418.csv,B0018,295
06420.csv,B0018,292
06422.csv,B0018,288
06424.csv,B0018,285
06427.csv,B0018,283
06430.csv,B0018,280
06432.csv,B0018,277
06434.csv,B0018,275
06436.csv,B0018,272
06439.csv,B0018,270
06442.csv,B0018,268
06444.csv,B0018,257
06446.csv,B0018,262
06448.csv,B0018,261
06451.csv,B0018,259
06454.csv,B0018,268
06456.csv,B0018,262
06458.csv,B0018,259
06460.csv,B0018,256
06463.csv,B0018,253
06466.csv,B0018,251
06469.csv,B0018,284
06471.csv,B0018,280
06473.csv,B0018,276
06475.csv,B0018,272
06477.csv,B0018,268
06480.csv,B0018,268
06482.csv,B0018,265
06484.csv,B0018,261
06486.csv,B0018,258
06488.csv,B0018,256
06493.csv,B0018,259
06495.csv,B0018,258
06497.csv,B0018,254
06499.csv,B0018,250
06502.csv,B0018,247
06505.csv,B0018,245
06507.csv,B0018,243
06509.csv,B0018,240
06511.csv,B0018,238
06514.csv,B0018,236
06517.csv,B0018,235
06519.csv,B0018,232
06521.csv,B0018,230
06523.csv,B0018,228
06526.csv,B0018,227
06529.csv,B0018,234
06531.csv,B0018,229
06533.csv,B0018,226
06535.csv,B0018,224
06537.csv,B0018,222
06540.csv,B0018,221
06542.csv,B0018,218
06544.csv,B0018,218
06546.csv,B0018,216
06549.csv,B0018,214
06552.csv,B0018,214
06554.csv,B0018,211
06556.csv,B0018,210
06558.csv,B0018,209
06561.csv,B0018,207
06564.csv,B0018,214
06566.csv,B0018,211
06568.csv,B0018,208
06570.csv,B0018,206
06572.csv,B0018,203
06575.csv,B0018,208
06577.csv,B0018,205
06579.csv,B0018,203
06581.csv,B0018,202
06584.csv,B0018,200
06587.csv,B0018,200
06589.csv,B0018,198
06591.csv,B0018,196
06593.csv,B0018,194
06596.csv,B0018,192
06599.csv,B0018,193
06601.csv,B0018,192
06603.csv,B0018,191
06605.csv,B0018,190
06608.csv,B0018,189
06611.csv,B0018,202
06613.csv,B0018,200
06615.csv,B0018,198
06617.csv,B0018,186
06619.csv,B0018,194
06622.csv,B0018,183
06624.csv,B0018,191
06626.csv,B0018,191
06628.csv,B0018,190
06631.csv,B0018,188
06634.csv,B0018,189
06636.csv,B0018,186
06638.csv,B0018,185
06640.csv,B0018,184
06643.csv,B0018,178
06646.csv,B0018,191
06648.csv,B0018,188
06650.csv,B0018,187
06652.csv,B0018,185
06654.csv,B0018,183
06657.csv,B0018,183
06659.csv,B0018,182
06661.csv,B0018,181
06663.csv,B0018,180
06666.csv,B0018,178
06669.csv,B0018,179
06671.csv,B0018,177
06672.csv,B0053,213
06676.csv,B0053,231
06678.csv,B0053,227
06680.csv,B0053,223
06682.csv,B0053,221
06684.csv,B0053,220
06688.csv,B0053,221
06690.csv,B0053,219
06692.csv,B0053,216
06694.csv,B0053,214
06696.csv,B0053,214
06700.csv,B0053,210
06702.csv,B0053,212
06704.csv,B0053,209
06706.csv,B0053,208
06708.csv,B0053,207
06712.csv,B0053,205
06714.csv,B0053,206
06716.csv,B0053,204
06718.csv,B0053,200
06720.csv,B0053,203
06724.csv,B0053,206
06728.csv,B0053,206
06730.csv,B0053,198
06732.csv,B0053,201
06734.csv,B0053,197
06736.csv,B0053,199
06740.csv,B0053,197
06742.csv,B0053,197
06744.csv,B0053,193
06746.csv,B0053,194
06748.csv,B0053,192
06752.csv,B0053,193
06754.csv,B0053,189
06756.csv,B0053,189
06758.csv,B0053,189
06760.csv,B0053,189
06764.csv,B0053,188
06766.csv,B0053,188
06768.csv,B0053,186
06770.csv,B0053,184
06772.csv,B0053,182
06776.csv,B0053,198
06780.csv,B0053,196
06782.csv,B0053,195
06784.csv,B0053,190
06786.csv,B0053,189
06788.csv,B0053,188
06792.csv,B0053,186
06794.csv,B0053,187
06796.csv,B0053,183
06798.csv,B0053,184
06800.csv,B0053,180
06804.csv,B0053,179
06806.csv,B0053,182
06809.csv,B0054,163
06813.csv,B0054,245
06815.csv,B0054,229
06817.csv,B0054,282
06819.csv,B0054,215
06821.csv,B0054,274
06825.csv,B0054,215
06827.csv,B0054,246
06829.csv,B0054,209
06831.csv,B0054,205
06833.csv,B0054,237
06837.csv,B0054,199
06839.csv,B0054,242
06841.csv,B0054,196
06843.csv,B0054,192
06845.csv,B0054,245
06849.csv,B0054,241
06851.csv,B0054,231
06853.csv,B0054,228
06855.csv,B0054,188
06857.csv,B0054,236
06861.csv,B0054,245
06865.csv,B0054,203
06867.csv,B0054,240
06869.csv,B0054,229
06871.csv,B0054,232
06873.csv,B0054,183
06877.csv,B0054,186
06879.csv,B0054,194
06881.csv,B0054,224
06883.csv,B0054,181
06885.csv,B0054,222
06889.csv,B0054,213
06891.csv,B0054,173
06893.csv,B0054,211
06895.csv,B0054,214
06897.csv,B0054,205
06901.csv,B0054,172
06903.csv,B0054,212
06905.csv,B0054,186
06907.csv,B0054,165
06909.csv,B0054,209
06913.csv,B0054,213
06917.csv,B0054,212
06919.csv,B0054,172
06921.csv,B0054,209
06923.csv,B0054,205
06925.csv,B0054,198
06929.csv,B0054,221
06931.csv,B0054,215
06933.csv,B0054,214
06935.csv,B0054,211
06937.csv,B0054,210
06941.csv,B0054,209
06943.csv,B0054,207
06945.csv,B0054,174
06947.csv,B0054,206
06949.csv,B0054,203
06953.csv,B0054,200
06955.csv,B0054,201
06957.csv,B0054,169
06959.csv,B0054,200
06961.csv,B0054,159
06965.csv,B0054,198
06967.csv,B0054,196
06969.csv,B0054,160
06971.csv,B0054,193
06973.csv,B0054,193
06977.csv,B0054,194
06981.csv,B0054,195
06983.csv,B0054,158
06985.csv,B0054,193
06987.csv,B0054,184
06989.csv,B0054,189
06993.csv,B0054,188
06995.csv,B0054,187
06997.csv,B0054,173
06999.csv,B0054,185
07001.csv,B0054,160
07005.csv,B0054,185
07007.csv,B0054,177
07009.csv,B0054,181
07011.csv,B0054,181
07013.csv,B0054,180
07017.csv,B0054,179
07019.csv,B0054,179
07021.csv,B0054,155
07023.csv,B0054,177
07025.csv,B0054,173
07029.csv,B0054,183
07033.csv,B0054,185
07035.csv,B0054,182
07037.csv,B0054,179
07039.csv,B0054,171
07041.csv,B0054,176
07045.csv,B0054,152
07047.csv,B0054,176
07049.csv,B0054,166
07051.csv,B0054,172
07053.csv,B0054,168
07057.csv,B0054,165
07059.csv,B0054,170
07062.csv,B0056,152
07066.csv,B0056,258
07068.csv,B0056,251
07070.csv,B0056,246
07072.csv,B0056,238
07074.csv,B0056,236
07078.csv,B0056,238
07080.csv,B0056,233
07082.csv,B0056,225
07084.csv,B0056,225
07086.csv,B0056,224
07090.csv,B0056,220
07092.csv,B0056,222
07094.csv,B0056,214
07096.csv,B0056,212
07098.csv,B0056,212
07102.csv,B0056,215
07104.csv,B0056,209
07106.csv,B0056,212
07108.csv,B0056,203
07110.csv,B0056,205
07114.csv,B0056,224
07118.csv,B0056,217
07120.csv,B0056,213
07122.csv,B0056,214
07124.csv,B0056,209
07126.csv,B0056,202
07130.csv,B0056,200
07132.csv,B0056,199
07134.csv,B0056,202
07136.csv,B0056,194
07138.csv,B0056,196
07142.csv,B0056,199
07144.csv,B0056,192
07146.csv,B0056,194
07148.csv,B0056,191
07150.csv,B0056,192
07154.csv,B0056,186
07156.csv,B0056,189
07158.csv,B0056,185
07160.csv,B0056,184
07162.csv,B0056,186
07166.csv,B0056,196
07170.csv,B0056,198
07172.csv,B0056,186
07174.csv,B0056,189
07176.csv,B0056,188
07178.csv,B0056,203
07182.csv,B0056,210
07184.csv,B0056,204
07186.csv,B0056,201
07188.csv,B0056,198
07190.csv,B0056,196
07194.csv,B0056,193
07196.csv,B0056,189
07198.csv,B0056,183
07200.csv,B0056,189
07202.csv,B0056,183
07206.csv,B0056,188
07208.csv,B0056,183
07210.csv,B0056,177
07212.csv,B0056,183
07214.csv,B0056,176
07218.csv,B0056,182
07220.csv,B0056,177
07222.csv,B0056,171
07224.csv,B0056,179
07226.csv,B0056,176
07230.csv,B0056,181
07234.csv,B0056,184
07236.csv,B0056,169
07238.csv,B0056,177
07240.csv,B0056,173
07242.csv,B0056,173
07246.csv,B0056,175
07248.csv,B0056,170
07250.csv,B0056,168
07252.csv,B0056,170
07254.csv,B0056,163
07258.csv,B0056,166
07260.csv,B0056,168
07262.csv,B0056,169
07264.csv,B0056,167
07266.csv,B0056,164
07270.csv,B0056,167
07272.csv,B0056,163
07274.csv,B0056,158
07276.csv,B0056,165
07278.csv,B0056,158
07282.csv,B0056,185
07286.csv,B0056,180
07288.csv,B0056,170
07290.csv,B0056,173
07292.csv,B0056,165
07294.csv,B0056,162
07298.csv,B0056,159
07300.csv,B0056,165
07302.csv,B0056,161
07304.csv,B0056,160
07306.csv,B0056,162
07310.csv,B0056,160
07312.csv,B0056,159
07314.csv,B0055,165
07318.csv,B0055,263
07320.csv,B0055,254
07322.csv,B0055,247
07324.csv,B0055,237
07326.csv,B0055,235
07330.csv,B0055,235
07332.csv,B0055,230
07334.csv,B0055,222
07336.csv,B0055,221
07338.csv,B0055,220
07342.csv,B0055,214
07344.csv,B0055,216
07346.csv,B0055,208
07348.csv,B0055,206
07350.csv,B0055,205
07354.csv,B0055,209
07356.csv,B0055,203
07358.csv,B0055,206
07360.csv,B0055,195
07362.csv,B0055,200
07366.csv,B0055,216
07370.csv,B0055,209
07372.csv,B0055,208
07374.csv,B0055,209
07376.csv,B0055,203
07378.csv,B0055,195
07382.csv,B0055,194
07384.csv,B0055,194
07386.csv,B0055,198
07388.csv,B0055,189
07390.csv,B0055,191
07394.csv,B0055,197
07396.csv,B0055,186
07398.csv,B0055,191
07400.csv,B0055,187
07402.csv,B0055,190
07406.csv,B0055,181
07408.csv,B0055,186
07410.csv,B0055,182
07412.csv,B0055,180
07414.csv,B0055,185
07418.csv,B0055,188
07422.csv,B0055,196
07424.csv,B0055,179
07426.csv,B0055,185
07428.csv,B0055,185
07430.csv,B0055,201
07434.csv,B0055,206
07436.csv,B0055,199
07438.csv,B0055,196
07440.csv,B0055,193
07442.csv,B0055,189
07446.csv,B0055,187
07448.csv,B0055,182
07450.csv,B0055,177
07452.csv,B0055,183
07454.csv,B0055,176
07458.csv,B0055,185
07460.csv,B0055,176
07462.csv,B0055,172
07464.csv,B0055,179
07466.csv,B0055,169
07470.csv,B0055,180
07472.csv,B0055,172
07474.csv,B0055,165
07476.csv,B0055,176
07478.csv,B0055,173
07482.csv,B0055,173
07486.csv,B0055,183
07488.csv,B0055,163
07490.csv,B0055,174
07492.csv,B0055,169
07494.csv,B0055,169
07498.csv,B0055,174
07500.csv,B0055,164
07502.csv,B0055,164
07504.csv,B0055,168
07506.csv,B0055,159
07510.csv,B0055,162
07512.csv,B0055,165
07514.csv,B0055,170
07516.csv,B0055,167
07518.csv,B0055,161
07522.csv,B0055,168
07524.csv,B0055,159
07526.csv,B0055,155
07528.csv,B0055,166
07530.csv,B0055,157
07534.csv,B0055,188
07538.csv,B0055,178
07540.csv,B0055,160
07542.csv,B0055,170
07544.csv,B0055,159
07546.csv,B0055,154
07550.csv,B0055,151
07552.csv,B0055,164
07554.csv,B0055,156
07556.csv,B0055,155
07558.csv,B0055,159
07562.csv,B0055,156
07564.csv,B0055,156
